交易编号,类型,日期和时间,信号,价格 USD,大小（数量）,大小（价值）,净损益 USD,回报 %,手续费 USD,有利波动 USD,有利波动 %,不利波动 USD,不利波动 %,累计损益 USD,累计损益 %,持续时间（K线）
1,多头出场,2025-09-23 11:06,Long Exit,666.08,150,99967.5,-55.5,-0.06,0,46.5,0.05,-55.5,-0.06,-55.5,-0.01,7
1,多头进场,2025-09-23 10:52,LONG,666.45,150,99967.5,-55.5,-0.06,0,46.5,0.05,-55.5,-0.06,-55.5,-0.01,7
2,空头出场,2025-09-24 11:46,Short Exit,661.88,150,99525,243,0.24,0,243,0.24,-24,-0.02,187.5,0.02,60
2,空头进场,2025-09-24 09:46,SHORT,663.5,150,99525,243,0.24,0,243,0.24,-24,-0.02,187.5,0.02,60
3,空头出场,2025-09-25 11:42,Short Exit,659.12,151,99424.44,-102.68,-0.10,0,188.75,0.19,-102.68,-0.10,84.82,0.01,15
3,空头进场,2025-09-25 11:12,SHORT,658.44,151,99424.44,-102.68,-0.10,0,188.75,0.19,-102.68,-0.10,84.82,0.01,15
4,空头出场,2025-09-25 13:20,Short Exit,657.37,151,99501.45,238.58,0.24,0,238.58,0.24,-42.28,-0.04,323.4,0.03,41
4,空头进场,2025-09-25 11:58,SHORT,658.95,151,99501.45,238.58,0.24,0,238.58,0.24,-42.28,-0.04,323.4,0.03,41
5,多头出场,2025-09-26 12:00,Long Exit,658.52,151,99542.22,-105.7,-0.11,0,73.99,0.07,-105.7,-0.11,217.7,0.02,11
5,多头进场,2025-09-26 11:38,LONG,659.22,151,99542.22,-105.7,-0.11,0,73.99,0.07,-105.7,-0.11,217.7,0.02,11
6,多头出场,2025-09-29 13:02,Long Exit,662.62,150,99463.5,-70.5,-0.07,0,93,0.09,-70.5,-0.07,147.2,0.01,23
6,多头进场,2025-09-29 12:16,LONG,663.09,150,99463.5,-70.5,-0.07,0,93,0.09,-70.5,-0.07,147.2,0.01,23
7,多头出场,2025-09-30 10:36,Long Exit,662.24,150,99436.5,-100.5,-0.10,0,70.5,0.07,-100.5,-0.10,46.7,0.00,16
7,多头进场,2025-09-30 10:04,LONG,662.91,150,99436.5,-100.5,-0.10,0,70.5,0.07,-100.5,-0.10,46.7,0.00,16
8,空头出场,2025-09-30 12:20,Short Exit,663.83,150,99483,-91.5,-0.09,0,241.5,0.24,-91.5,-0.09,-44.8,0.00,34
8,空头进场,2025-09-30 11:12,SHORT,663.22,150,99483,-91.5,-0.09,0,241.5,0.24,-91.5,-0.09,-44.8,0.00,34
9,空头出场,2025-10-01 11:00,Short Exit,666.06,150,99825,-84,-0.08,0,25.5,0.03,-84,-0.08,-128.8,-0.01,7
9,空头进场,2025-10-01 10:46,SHORT,665.5,150,99825,-84,-0.08,0,25.5,0.03,-84,-0.08,-128.8,-0.01,7
10,多头出场,2025-10-06 13:24,Long Exit,672.2,149,99855.33,302.47,0.30,0,302.47,0.30,-107.28,-0.11,173.67,0.02,111
10,多头进场,2025-10-06 09:42,LONG,670.17,149,99855.33,302.47,0.30,0,302.47,0.30,-107.28,-0.11,173.67,0.02,111
11,多头出场,2025-10-07 10:00,Long Exit,672,148,99519.64,-63.64,-0.06,0,47.36,0.05,-63.64,-0.06,110.03,0.01,8
11,多头进场,2025-10-07 09:44,LONG,672.43,148,99519.64,-63.64,-0.06,0,47.36,0.05,-63.64,-0.06,110.03,0.01,8
12,空头出场,2025-10-14 11:36,Short Exit,660.95,151,99682.65,-120.8,-0.12,0,99.66,0.10,-120.8,-0.12,-10.77,0.00,11
12,空头进场,2025-10-14 11:14,SHORT,660.15,151,99682.65,-120.8,-0.12,0,99.66,0.10,-120.8,-0.12,-10.77,0.00,11
13,多头出场,2025-10-14 12:20,Long Exit,663.9,151,99912.17,336.73,0.34,0,336.73,0.34,-33.22,-0.03,325.96,0.03,7
13,多头进场,2025-10-14 12:06,LONG,661.67,151,99912.17,336.73,0.34,0,336.73,0.34,-33.22,-0.03,325.96,0.03,7
14,多头出场,2025-10-15 12:44,Long Exit,664.58,150,99817.5,-130.5,-0.13,0,150,0.15,-130.5,-0.13,195.46,0.02,16
14,多头进场,2025-10-15 12:12,LONG,665.45,150,99817.5,-130.5,-0.13,0,150,0.15,-130.5,-0.13,195.46,0.02,16
15,多头出场,2025-10-16 12:20,Long Exit,662.87,150,99595.5,-165,-0.17,0,22.5,0.02,-165,-0.17,30.46,0.00,2
15,多头进场,2025-10-16 12:16,LONG,663.97,150,99595.5,-165,-0.17,0,22.5,0.02,-165,-0.17,30.46,0.00,2
16,空头出场,2025-10-17 12:30,Short Exit,663.45,151,99962,-218.95,-0.22,0,582.86,0.58,-218.95,-0.22,-188.49,-0.02,64
16,空头进场,2025-10-17 10:22,SHORT,662,151,99962,-218.95,-0.22,0,582.86,0.58,-218.95,-0.22,-188.49,-0.02,64
17,多头出场,2025-10-21 10:54,Long Exit,672.28,149,99913.44,256.28,0.26,0,256.28,0.26,-44.7,-0.04,67.79,0.01,23
17,多头进场,2025-10-21 10:08,LONG,670.56,149,99913.44,256.28,0.26,0,256.28,0.26,-44.7,-0.04,67.79,0.01,23
18,多头出场,2025-10-22 10:14,Long Exit,670.64,148,99340.56,-85.84,-0.09,0,78.44,0.08,-85.84,-0.09,-18.05,0.00,14
18,多头进场,2025-10-22 09:46,LONG,671.22,148,99340.56,-85.84,-0.09,0,78.44,0.08,-85.84,-0.09,-18.05,0.00,14
19,多头出场,2025-10-28 11:26,Long Exit,685.38,145,99448.25,-68.15,-0.07,0,75.4,0.08,-68.15,-0.07,-86.2,-0.01,27
19,多头进场,2025-10-28 10:32,LONG,685.85,145,99448.25,-68.15,-0.07,0,75.4,0.08,-68.15,-0.07,-86.2,-0.01,27
20,多头出场,2025-10-29 11:34,Long Exit,688.01,145,99822.35,-60.9,-0.06,0,13.05,0.01,-60.9,-0.06,-147.1,-0.01,4
20,多头进场,2025-10-29 11:26,LONG,688.43,145,99822.35,-60.9,-0.06,0,13.05,0.01,-60.9,-0.06,-147.1,-0.01,4
21,多头出场,2025-10-29 12:04,Long Exit,687.64,145,99770.15,-62.35,-0.06,0,39.15,0.04,-62.35,-0.06,-209.45,-0.02,7
21,多头进场,2025-10-29 11:50,LONG,688.07,145,99770.15,-62.35,-0.06,0,39.15,0.04,-62.35,-0.06,-209.45,-0.02,7
22,空头出场,2025-10-30 10:42,Short Exit,685.67,146,99922.4,-185.42,-0.19,0,70.08,0.07,-185.42,-0.19,-394.87,-0.04,6
22,空头进场,2025-10-30 10:30,SHORT,684.4,146,99922.4,-185.42,-0.19,0,70.08,0.07,-185.42,-0.19,-394.87,-0.04,6
23,多头出场,2025-10-30 14:14,Long Exit,682.86,146,99868.38,-170.82,-0.17,0,219,0.22,-170.82,-0.17,-565.69,-0.06,102
23,多头进场,2025-10-30 10:50,LONG,684.03,146,99868.38,-170.82,-0.17,0,219,0.22,-170.82,-0.17,-565.69,-0.06,102
24,空头出场,2025-10-31 10:44,Short Exit,684.46,146,99786.62,-144.54,-0.14,0,182.5,0.18,-144.54,-0.14,-710.23,-0.07,23
24,空头进场,2025-10-31 09:58,SHORT,683.47,146,99786.62,-144.54,-0.14,0,182.5,0.18,-144.54,-0.14,-710.23,-0.07,23
25,空头出场,2025-11-04 12:16,Short Exit,676.78,147,99771.84,285.18,0.29,0,285.18,0.29,-14.7,-0.01,-425.05,-0.04,38
25,空头进场,2025-11-04 11:00,SHORT,678.72,147,99771.84,285.18,0.29,0,285.18,0.29,-14.7,-0.01,-425.05,-0.04,38
26,多头出场,2025-11-04 12:40,Long Exit,676.18,147,99508.71,-110.25,-0.11,0,26.46,0.03,-110.25,-0.11,-535.3,-0.05,6
26,多头进场,2025-11-04 12:28,LONG,676.93,147,99508.71,-110.25,-0.11,0,26.46,0.03,-110.25,-0.11,-535.3,-0.05,6
27,空头出场,2025-11-05 10:28,Short Exit,677.92,147,99527.82,-126.42,-0.13,0,244.02,0.25,-126.42,-0.13,-661.72,-0.07,6
27,空头进场,2025-11-05 10:16,SHORT,677.06,147,99527.82,-126.42,-0.13,0,244.02,0.25,-126.42,-0.13,-661.72,-0.07,6
28,多头出场,2025-11-07 10:06,Long Exit,664.15,150,99820.5,-198,-0.20,0,69,0.07,-198,-0.20,-859.72,-0.09,3
28,多头进场,2025-11-07 10:00,LONG,665.47,150,99820.5,-198,-0.20,0,69,0.07,-198,-0.20,-859.72,-0.09,3
29,多头出场,2025-11-11 10:36,Long Exit,678.79,147,99890.91,-108.78,-0.11,0,16.17,0.02,-108.78,-0.11,-968.5,-0.10,5
29,多头进场,2025-11-11 10:26,LONG,679.53,147,99890.91,-108.78,-0.11,0,16.17,0.02,-108.78,-0.11,-968.5,-0.10,5
30,多头出场,2025-11-12 10:58,Long Exit,681.98,146,99672.74,-103.66,-0.10,0,29.2,0.03,-103.66,-0.10,-1072.16,-0.11,6
30,多头进场,2025-11-12 10:46,LONG,682.69,146,99672.74,-103.66,-0.10,0,29.2,0.03,-103.66,-0.10,-1072.16,-0.11,6
31,空头出场,2025-11-14 11:18,Short Exit,672.88,148,99416.04,-170.2,-0.17,0,31.08,0.03,-170.2,-0.17,-1242.36,-0.12,5
31,空头进场,2025-11-14 11:08,SHORT,671.73,148,99416.04,-170.2,-0.17,0,31.08,0.03,-170.2,-0.17,-1242.36,-0.12,5
32,空头出场,2025-11-17 11:14,Short Exit,668.69,148,99463.4,497.28,0.50,0,497.28,0.50,-45.88,-0.05,-745.08,-0.07,23
32,空头进场,2025-11-17 10:28,SHORT,672.05,148,99463.4,497.28,0.50,0,497.28,0.50,-45.88,-0.05,-745.08,-0.07,23
33,空头出场,2025-11-17 12:44,Short Exit,670.19,148,99503.36,315.24,0.32,0,315.24,0.32,-39.96,-0.04,-429.84,-0.04,11
33,空头进场,2025-11-17 12:22,SHORT,672.32,148,99503.36,315.24,0.32,0,315.24,0.32,-39.96,-0.04,-429.84,-0.04,11
34,空头出场,2025-11-19 12:00,Short Exit,662.8,151,99937.84,-144.96,-0.15,0,120.8,0.12,-144.96,-0.15,-574.8,-0.06,7
34,空头进场,2025-11-19 11:46,SHORT,661.84,151,99937.84,-144.96,-0.15,0,120.8,0.12,-144.96,-0.15,-574.8,-0.06,7
35,多头出场,2025-11-24 10:42,Long Exit,666.75,150,99340.5,672,0.68,0,672,0.68,-102,-0.10,97.2,0.01,27
35,多头进场,2025-11-24 09:48,LONG,662.27,150,99340.5,672,0.68,0,672,0.68,-102,-0.10,97.2,0.01,27
36,多头出场,2025-11-25 10:44,Long Exit,670.45,150,99949.5,618,0.62,0,618,0.62,-61.5,-0.06,715.2,0.07,21
36,多头进场,2025-11-25 10:02,LONG,666.33,150,99949.5,618,0.62,0,618,0.62,-61.5,-0.06,715.2,0.07,21
37,空头出场,2025-11-25 11:40,Short Exit,671.02,149,99788.28,-193.7,-0.19,0,128.14,0.13,-193.7,-0.19,521.5,0.05,22
37,空头进场,2025-11-25 10:56,SHORT,669.72,149,99788.28,-193.7,-0.19,0,128.14,0.13,-193.7,-0.19,521.5,0.05,22
38,多头出场,2025-11-28 11:06,Long Exit,682.82,146,99383.66,308.06,0.31,0,308.06,0.31,-2.92,0.00,829.56,0.08,43
38,多头进场,2025-11-28 09:40,LONG,680.71,146,99383.66,308.06,0.31,0,308.06,0.31,-2.92,0.00,829.56,0.08,43
39,多头出场,2025-12-01 10:34,Long Exit,679.1,147,99982.05,-154.35,-0.15,0,251.37,0.25,-154.35,-0.15,675.21,0.07,23
39,多头进场,2025-12-01 09:48,LONG,680.15,147,99982.05,-154.35,-0.15,0,251.37,0.25,-154.35,-0.15,675.21,0.07,23
40,多头出场,2025-12-01 11:46,Long Exit,682.41,147,99957.06,357.21,0.36,0,357.21,0.36,0,0.00,1032.42,0.10,30
40,多头进场,2025-12-01 10:46,LONG,679.98,147,99957.06,357.21,0.36,0,357.21,0.36,0,0.00,1032.42,0.10,30
41,空头出场,2025-12-02 10:00,Short Exit,683,146,99601.2,-116.8,-0.12,0,2.92,0.00,-116.8,-0.12,915.62,0.09,2
41,空头进场,2025-12-02 09:56,SHORT,682.2,146,99601.2,-116.8,-0.12,0,2.92,0.00,-116.8,-0.12,915.62,0.09,2
42,多头出场,2025-12-02 12:32,Long Exit,682.84,147,100015.86,361.62,0.36,0,361.62,0.36,-30.87,-0.03,1277.24,0.13,24
42,多头进场,2025-12-02 11:44,LONG,680.38,147,100015.86,361.62,0.36,0,361.62,0.36,-30.87,-0.03,1277.24,0.13,24
43,空头出场,2025-12-03 10:02,Short Exit,681.73,147,100087.89,-126.42,-0.13,0,16.17,0.02,-126.42,-0.13,1150.82,0.12,2
43,空头进场,2025-12-03 09:58,SHORT,680.87,147,100087.89,-126.42,-0.13,0,16.17,0.02,-126.42,-0.13,1150.82,0.12,2
44,多头出场,2025-12-04 10:24,Long Exit,682.37,146,99739.9,-113.88,-0.11,0,97.82,0.10,-113.88,-0.11,1036.94,0.10,7
44,多头进场,2025-12-04 10:10,LONG,683.15,146,99739.9,-113.88,-0.11,0,97.82,0.10,-113.88,-0.11,1036.94,0.10,7
45,空头出场,2025-12-04 11:48,Short Exit,683.94,146,99748.66,-106.58,-0.11,0,48.18,0.05,-106.58,-0.11,930.36,0.09,16
45,空头进场,2025-12-04 11:16,SHORT,683.21,146,99748.66,-106.58,-0.11,0,48.18,0.05,-106.58,-0.11,930.36,0.09,16
46,多头出场,2025-12-05 12:32,Long Exit,685.1,145,99439.55,-100.05,-0.10,0,66.7,0.07,-100.05,-0.10,830.31,0.08,16
46,多头进场,2025-12-05 12:00,LONG,685.79,145,99439.55,-100.05,-0.10,0,66.7,0.07,-100.05,-0.10,830.31,0.08,16
47,空头出场,2025-12-08 10:26,Short Exit,684,145,99419.25,239.25,0.24,0,239.25,0.24,-15.95,-0.02,1069.56,0.11,12
47,空头进场,2025-12-08 10:02,SHORT,685.65,145,99419.25,239.25,0.24,0,239.25,0.24,-15.95,-0.02,1069.56,0.11,12
48,空头出场,2025-12-10 11:16,Short Exit,683.28,146,99671.28,-87.6,-0.09,0,179.58,0.18,-87.6,-0.09,981.96,0.10,15
48,空头进场,2025-12-10 10:46,SHORT,682.68,146,99671.28,-87.6,-0.09,0,179.58,0.18,-87.6,-0.09,981.96,0.10,15
49,空头出场,2025-12-10 12:54,Short Exit,683.99,146,99788.08,-74.46,-0.07,0,80.3,0.08,-74.46,-0.07,907.5,0.09,33
49,空头进场,2025-12-10 11:48,SHORT,683.48,146,99788.08,-74.46,-0.07,0,80.3,0.08,-74.46,-0.07,907.5,0.09,33
50,空头出场,2025-12-11 11:40,Short Exit,686.45,146,100083,-138.7,-0.14,0,160.6,0.16,-138.7,-0.14,768.8,0.08,23
50,空头进场,2025-12-11 10:54,SHORT,685.5,146,100083,-138.7,-0.14,0,160.6,0.16,-138.7,-0.14,768.8,0.08,23
51,空头出场,2025-12-11 12:12,Short Exit,686.56,145,99438.1,-113.1,-0.11,0,34.8,0.03,-113.1,-0.11,655.7,0.07,6
51,空头进场,2025-12-11 12:00,SHORT,685.78,145,99438.1,-113.1,-0.11,0,34.8,0.03,-113.1,-0.11,655.7,0.07,6
52,空头出场,2025-12-15 10:20,Short Exit,680.6,146,99802.68,435.08,0.44,0,435.08,0.44,-18.98,-0.02,1090.78,0.11,16
52,空头进场,2025-12-15 09:48,SHORT,683.58,146,99802.68,435.08,0.44,0,435.08,0.44,-18.98,-0.02,1090.78,0.11,16
53,多头出场,2025-12-15 15:46,强制平仓,681.06,147,100030.56,85.26,0.09,0,379.26,0.38,-155.82,-0.16,1176.04,0.12,154
53,多头进场,2025-12-15 10:38,LONG,680.48,147,100030.56,85.26,0.09,0,379.26,0.38,-155.82,-0.16,1176.04,0.12,154
54,多头出场,2025-12-16 10:20,Long Exit,677.93,147,99839.46,-183.75,-0.18,0,249.9,0.25,-183.75,-0.18,992.29,0.10,9
54,多头进场,2025-12-16 10:02,LONG,679.18,147,99839.46,-183.75,-0.18,0,249.9,0.25,-183.75,-0.18,992.29,0.10,9
55,多头出场,2025-12-16 11:16,Long Exit,676.99,147,99690.99,-173.46,-0.17,0,182.28,0.18,-173.46,-0.17,818.83,0.08,22
55,多头进场,2025-12-16 10:32,LONG,678.17,147,99690.99,-173.46,-0.17,0,182.28,0.18,-173.46,-0.17,818.83,0.08,22
56,多头出场,2025-12-17 11:12,Long Exit,674.11,148,99931.08,-162.8,-0.16,0,44.4,0.04,-162.8,-0.16,656.03,0.07,2
56,多头进场,2025-12-17 11:08,LONG,675.21,148,99931.08,-162.8,-0.16,0,44.4,0.04,-162.8,-0.16,656.03,0.07,2
57,空头出场,2025-12-19 12:16,Short Exit,680.59,147,99921.78,-124.95,-0.13,0,189.63,0.19,-124.95,-0.13,531.08,0.05,64
57,空头进场,2025-12-19 10:08,SHORT,679.74,147,99921.78,-124.95,-0.13,0,189.63,0.19,-124.95,-0.13,531.08,0.05,64
58,多头出场,2025-12-26 11:14,Long Exit,690.12,144,99443.52,-66.24,-0.07,0,53.28,0.05,-66.24,-0.07,464.84,0.05,16
58,多头进场,2025-12-26 10:42,LONG,690.58,144,99443.52,-66.24,-0.07,0,53.28,0.05,-66.24,-0.07,464.84,0.05,16
59,多头出场,2025-12-26 11:48,Long Exit,689.9,144,99391.68,-46.08,-0.05,0,15.84,0.02,-46.08,-0.05,418.76,0.04,5
59,多头进场,2025-12-26 11:38,LONG,690.22,144,99391.68,-46.08,-0.05,0,15.84,0.02,-46.08,-0.05,418.76,0.04,5
60,多头出场,2025-12-30 10:10,Long Exit,687.31,145,99729.55,-69.6,-0.07,0,17.4,0.02,-69.6,-0.07,349.16,0.03,4
60,多头进场,2025-12-30 10:02,LONG,687.79,145,99729.55,-69.6,-0.07,0,17.4,0.02,-69.6,-0.07,349.16,0.03,4
61,多头出场,2025-12-30 14:30,Long Exit,687.94,145,99646.9,104.4,0.10,0,104.4,0.10,-2.9,0.00,453.56,0.05,65
61,多头进场,2025-12-30 12:20,LONG,687.22,145,99646.9,104.4,0.10,0,104.4,0.10,-2.9,0.00,453.56,0.05,65
62,多头出场,2025-12-31 10:08,Long Exit,685.54,145,99475.8,-72.5,-0.07,0,8.7,0.01,-72.5,-0.07,381.06,0.04,6
62,多头进场,2025-12-31 09:56,LONG,686.04,145,99475.8,-72.5,-0.07,0,8.7,0.01,-72.5,-0.07,381.06,0.04,6
63,多头出场,2026-01-02 10:52,Long Exit,682.27,146,99760.34,-148.92,-0.15,0,29.2,0.03,-148.92,-0.15,232.14,0.02,2
63,多头进场,2026-01-02 10:48,LONG,683.29,146,99760.34,-148.92,-0.15,0,29.2,0.03,-148.92,-0.15,232.14,0.02,2
64,多头出场,2026-01-06 12:22,Long Exit,690.34,145,99910.8,188.5,0.19,0,188.5,0.19,-60.9,-0.06,420.64,0.04,29
64,多头进场,2026-01-06 11:24,LONG,689.04,145,99910.8,188.5,0.19,0,188.5,0.19,-60.9,-0.06,420.64,0.04,29
65,多头出场,2026-01-07 12:04,Long Exit,693.68,144,99619.2,270.72,0.27,0,270.72,0.27,-38.88,-0.04,691.36,0.07,43
65,多头进场,2026-01-07 10:38,LONG,691.8,144,99619.2,270.72,0.27,0,270.72,0.27,-38.88,-0.04,691.36,0.07,43
66,空头出场,2026-01-08 12:52,Short Exit,690.59,145,100026.8,-108.75,-0.11,0,203,0.20,-108.75,-0.11,582.61,0.06,57
66,空头进场,2026-01-08 10:58,SHORT,689.84,145,100026.8,-108.75,-0.11,0,203,0.20,-108.75,-0.11,582.61,0.06,57
67,多头出场,2026-01-09 10:06,Long Exit,690.15,144,99498.24,-116.64,-0.12,0,142.56,0.14,-116.64,-0.12,465.97,0.05,9
67,多头进场,2026-01-09 09:48,LONG,690.96,144,99498.24,-116.64,-0.12,0,142.56,0.14,-116.64,-0.12,465.97,0.05,9
68,空头出场,2026-01-12 10:58,Short Exit,693.99,144,99851.04,-83.52,-0.08,0,64.8,0.06,-83.52,-0.08,382.45,0.04,12
68,空头进场,2026-01-12 10:34,SHORT,693.41,144,99851.04,-83.52,-0.08,0,64.8,0.06,-83.52,-0.08,382.45,0.04,12
69,空头出场,2026-01-12 11:40,Short Exit,694.58,144,99969.12,-50.4,-0.05,0,0,0.00,-50.4,-0.05,332.05,0.03,4
69,空头进场,2026-01-12 11:32,SHORT,694.23,144,99969.12,-50.4,-0.05,0,0,0.00,-50.4,-0.05,332.05,0.03,4
70,空头出场,2026-01-13 12:52,Short Exit,693.33,143,99350.68,204.49,0.21,0,204.49,0.21,-7.15,-0.01,536.54,0.05,15
70,空头进场,2026-01-13 12:22,SHORT,694.76,143,99350.68,204.49,0.21,0,204.49,0.21,-7.15,-0.01,536.54,0.05,15
71,空头出场,2026-01-16 10:36,Short Exit,690.84,144,99750.24,269.28,0.27,0,269.28,0.27,-12.96,-0.01,805.82,0.08,14
71,空头进场,2026-01-16 10:08,SHORT,692.71,144,99750.24,269.28,0.27,0,269.28,0.27,-12.96,-0.01,805.82,0.08,14
72,空头出场,2026-01-16 14:04,Short Exit,693.38,144,99779.04,-67.68,-0.07,0,156.96,0.16,-67.68,-0.07,738.14,0.07,60
72,空头进场,2026-01-16 12:04,SHORT,692.91,144,99779.04,-67.68,-0.07,0,156.96,0.16,-67.68,-0.07,738.14,0.07,60
73,多头出场,2026-01-22 12:32,Long Exit,690.77,145,99883.25,278.4,0.28,0,278.4,0.28,-39.15,-0.04,1016.54,0.10,49
73,多头进场,2026-01-22 10:54,LONG,688.85,145,99883.25,278.4,0.28,0,278.4,0.28,-39.15,-0.04,1016.54,0.10,49
74,空头出场,2026-01-23 12:42,Short Exit,689.25,144,99450.72,198.72,0.20,0,198.72,0.20,-25.92,-0.03,1215.26,0.12,47
74,空头进场,2026-01-23 11:08,SHORT,690.63,144,99450.72,198.72,0.20,0,198.72,0.20,-25.92,-0.03,1215.26,0.12,47
75,空头出场,2026-01-26 10:16,Short Exit,692.7,144,99662.4,-86.4,-0.09,0,50.4,0.05,-86.4,-0.09,1128.86,0.11,7
75,空头进场,2026-01-26 10:02,SHORT,692.1,144,99662.4,-86.4,-0.09,0,50.4,0.05,-86.4,-0.09,1128.86,0.11,7
76,多头出场,2026-01-27 09:52,Long Exit,695.13,144,99876.96,221.76,0.22,0,221.76,0.22,-1.44,0.00,1350.62,0.14,7
76,多头进场,2026-01-27 09:38,LONG,693.59,144,99876.96,221.76,0.22,0,221.76,0.22,-1.44,0.00,1350.62,0.14,7
77,多头出场,2026-01-28 11:30,Long Exit,695.44,143,99516.56,-68.64,-0.07,0,58.63,0.06,-68.64,-0.07,1281.98,0.13,14
77,多头进场,2026-01-28 11:02,LONG,695.92,143,99516.56,-68.64,-0.07,0,58.63,0.06,-68.64,-0.07,1281.98,0.13,14
78,多头出场,2026-01-30 11:16,Long Exit,691.38,144,99718.56,-159.84,-0.16,0,43.2,0.04,-159.84,-0.16,1122.14,0.11,12
78,多头进场,2026-01-30 10:52,LONG,692.49,144,99718.56,-159.84,-0.16,0,43.2,0.04,-159.84,-0.16,1122.14,0.11,12
79,多头出场,2026-01-30 12:02,Long Exit,689.99,144,99505.44,-146.88,-0.15,0,204.48,0.21,-146.88,-0.15,975.26,0.10,15
79,多头进场,2026-01-30 11:32,LONG,691.01,144,99505.44,-146.88,-0.15,0,204.48,0.21,-146.88,-0.15,975.26,0.10,15
80,空头出场,2026-02-03 09:58,Short Exit,693.48,143,99505.12,337.48,0.34,0,337.48,0.34,-44.33,-0.04,1312.74,0.13,6
80,空头进场,2026-02-03 09:46,SHORT,695.84,143,99505.12,337.48,0.34,0,337.48,0.34,-44.33,-0.04,1312.74,0.13,6
81,多头出场,2026-02-04 11:40,Long Exit,686.07,145,99664.3,-184.15,-0.18,0,29,0.03,-184.15,-0.18,1128.59,0.11,4
81,多头进场,2026-02-04 11:32,LONG,687.34,145,99664.3,-184.15,-0.18,0,29,0.03,-184.15,-0.18,1128.59,0.11,4
82,空头出场,2026-02-05 12:26,Short Exit,681.61,147,100014.39,-182.28,-0.18,0,13.23,0.01,-182.28,-0.18,946.31,0.09,2
82,空头进场,2026-02-05 12:22,SHORT,680.37,147,100014.39,-182.28,-0.18,0,13.23,0.01,-182.28,-0.18,946.31,0.09,2
83,空头出场,2026-02-06 10:42,Short Exit,686.54,146,100011.46,-223.38,-0.22,0,278.86,0.28,-223.38,-0.22,722.93,0.07,16
83,空头进场,2026-02-06 10:10,SHORT,685.01,146,100011.46,-223.38,-0.22,0,278.86,0.28,-223.38,-0.22,722.93,0.07,16
84,多头出场,2026-02-09 10:56,Long Exit,694.21,144,99633.6,332.64,0.33,0,332.64,0.33,-23.04,-0.02,1055.57,0.11,15
84,多头进场,2026-02-09 10:26,LONG,691.9,144,99633.6,332.64,0.33,0,332.64,0.33,-23.04,-0.02,1055.57,0.11,15
85,多头出场,2026-02-10 10:06,Long Exit,696.26,144,99946.08,315.36,0.32,0,315.36,0.32,-87.84,-0.09,1370.93,0.14,15
85,多头进场,2026-02-10 09:36,LONG,694.07,144,99946.08,315.36,0.32,0,315.36,0.32,-87.84,-0.09,1370.93,0.14,15
86,空头出场,2026-02-10 13:26,Short Exit,693.6,143,99528,343.2,0.34,0,343.2,0.34,-77.22,-0.08,1714.13,0.17,94
86,空头进场,2026-02-10 10:18,SHORT,696,143,99528,343.2,0.34,0,343.2,0.34,-77.22,-0.08,1714.13,0.17,94
87,多头出场,2026-02-11 15:46,强制平仓,692.55,145,100154.4,265.35,0.26,0,474.15,0.47,-66.7,-0.07,1979.48,0.20,155
87,多头进场,2026-02-11 10:36,LONG,690.72,145,100154.4,265.35,0.26,0,474.15,0.47,-66.7,-0.07,1979.48,0.20,155
88,多头出场,2026-02-12 10:34,Long Exit,691.94,144,99777.6,-138.24,-0.14,0,15.84,0.02,-138.24,-0.14,1841.24,0.18,2
88,多头进场,2026-02-12 10:30,LONG,692.9,144,99777.6,-138.24,-0.14,0,15.84,0.02,-138.24,-0.14,1841.24,0.18,2
89,空头出场,2026-02-13 11:08,Short Exit,684.2,146,99658.14,-235.06,-0.24,0,70.08,0.07,-235.06,-0.24,1606.18,0.16,9
89,空头进场,2026-02-13 10:50,SHORT,682.59,146,99658.14,-235.06,-0.24,0,70.08,0.07,-235.06,-0.24,1606.18,0.16,9
90,空头出场,2026-02-13 11:44,Short Exit,684.7,146,99776.4,-189.8,-0.19,0,229.22,0.23,-189.8,-0.19,1416.38,0.14,15
90,空头进场,2026-02-13 11:14,SHORT,683.4,146,99776.4,-189.8,-0.19,0,229.22,0.23,-189.8,-0.19,1416.38,0.14,15
91,空头出场,2026-02-17 13:38,Short Exit,683.21,146,99573.46,-175.2,-0.18,0,417.56,0.42,-175.2,-0.18,1241.18,0.12,62
91,空头进场,2026-02-17 11:34,SHORT,682.01,146,99573.46,-175.2,-0.18,0,417.56,0.42,-175.2,-0.18,1241.18,0.12,62
92,空头出场,2026-02-19 12:48,Short Exit,682.69,146,100047.96,375.22,0.38,0,375.22,0.38,-83.22,-0.08,1616.4,0.16,47
92,空头进场,2026-02-19 11:14,SHORT,685.26,146,100047.96,375.22,0.38,0,375.22,0.38,-83.22,-0.08,1616.4,0.16,47
93,空头出场,2026-02-20 09:42,Short Exit,684.98,146,99861.08,-146,-0.15,0,96.36,0.10,-146,-0.15,1470.4,0.15,4
93,空头进场,2026-02-20 09:34,SHORT,683.98,146,99861.08,-146,-0.15,0,96.36,0.10,-146,-0.15,1470.4,0.15,4
94,多头出场,2026-02-20 10:00,Long Exit,686.67,146,99799.76,454.06,0.45,0,454.06,0.45,-4.38,0.00,1924.46,0.19,5
94,多头进场,2026-02-20 09:50,LONG,683.56,146,99799.76,454.06,0.45,0,454.06,0.45,-4.38,0.00,1924.46,0.19,5
95,空头出场,2026-02-24 10:22,Short Exit,685.06,146,99845.02,-173.74,-0.17,0,129.94,0.13,-173.74,-0.17,1750.72,0.18,7
95,空头进场,2026-02-24 10:08,SHORT,683.87,146,99845.02,-173.74,-0.17,0,129.94,0.13,-173.74,-0.17,1750.72,0.18,7
96,多头出场,2026-02-26 12:36,Long Exit,685.87,145,99555.55,-104.4,-0.10,0,73.95,0.07,-104.4,-0.10,1646.32,0.16,14
96,多头进场,2026-02-26 12:08,LONG,686.59,145,99555.55,-104.4,-0.10,0,73.95,0.07,-104.4,-0.10,1646.32,0.16,14
97,空头出场,2026-02-27 12:22,Short Exit,683.49,146,100096.14,306.6,0.31,0,306.6,0.31,-99.28,-0.10,1952.92,0.20,16
97,空头进场,2026-02-27 11:50,SHORT,685.59,146,100096.14,306.6,0.31,0,306.6,0.31,-99.28,-0.10,1952.92,0.20,16
98,多头出场,2026-03-02 11:46,Long Exit,686.77,146,99658.14,610.28,0.61,0,610.28,0.61,-100.74,-0.10,2563.2,0.26,58
98,多头进场,2026-03-02 09:50,LONG,682.59,146,99658.14,610.28,0.61,0,610.28,0.61,-100.74,-0.10,2563.2,0.26,58
99,空头出场,2026-03-03 12:22,Short Exit,678.19,148,100200.44,-171.68,-0.17,0,50.32,0.05,-171.68,-0.17,2391.52,0.24,4
99,空头进场,2026-03-03 12:14,SHORT,677.03,148,100200.44,-171.68,-0.17,0,50.32,0.05,-171.68,-0.17,2391.52,0.24,4
100,多头出场,2026-03-05 10:20,Long Exit,682.47,146,99812.9,-172.28,-0.17,0,273.02,0.27,-172.28,-0.17,2219.24,0.22,14
100,多头进场,2026-03-05 09:52,LONG,683.65,146,99812.9,-172.28,-0.17,0,273.02,0.27,-172.28,-0.17,2219.24,0.22,14
101,空头出场,2026-03-06 11:46,Short Exit,675.59,148,99811.2,-176.12,-0.18,0,148,0.15,-176.12,-0.18,2043.12,0.20,9
101,空头进场,2026-03-06 11:28,SHORT,674.4,148,99811.2,-176.12,-0.18,0,148,0.15,-176.12,-0.18,2043.12,0.20,9
102,空头出场,2026-03-06 13:12,Short Exit,675.5,148,99814.16,-159.84,-0.16,0,350.76,0.35,-159.84,-0.16,1883.28,0.19,27
102,空头进场,2026-03-06 12:18,SHORT,674.42,148,99814.16,-159.84,-0.16,0,350.76,0.35,-159.84,-0.16,1883.28,0.19,27
103,空头出场,2026-03-09 12:02,Short Exit,670.17,149,99719.74,-135.59,-0.14,0,70.03,0.07,-135.59,-0.14,1747.69,0.17,9
103,空头进场,2026-03-09 11:44,SHORT,669.26,149,99719.74,-135.59,-0.14,0,70.03,0.07,-135.59,-0.14,1747.69,0.17,9
104,空头出场,2026-03-13 10:42,Short Exit,667.48,149,99961.12,506.6,0.51,0,506.6,0.51,0,0.00,2254.29,0.23,21
104,空头进场,2026-03-13 10:00,SHORT,670.88,149,99961.12,506.6,0.51,0,506.6,0.51,0,0.00,2254.29,0.23,21
105,多头出场,2026-03-13 11:24,Long Exit,665.09,150,99930,-166.5,-0.17,0,39,0.04,-166.5,-0.17,2087.79,0.21,4
105,多头进场,2026-03-13 11:16,LONG,666.2,150,99930,-166.5,-0.17,0,39,0.04,-166.5,-0.17,2087.79,0.21,4
106,空头出场,2026-03-17 11:34,Short Exit,671.33,148,99678,321.16,0.32,0,321.16,0.32,-5.92,-0.01,2408.95,0.24,45
106,空头进场,2026-03-17 10:04,SHORT,673.5,148,99678,321.16,0.32,0,321.16,0.32,-5.92,-0.01,2408.95,0.24,45
107,多头出场,2026-03-17 12:02,Long Exit,670.57,149,100031.15,-116.22,-0.12,0,17.88,0.02,-116.22,-0.12,2292.73,0.23,4
107,多头进场,2026-03-17 11:54,LONG,671.35,149,100031.15,-116.22,-0.12,0,17.88,0.02,-116.22,-0.12,2292.73,0.23,4
108,多头出场,2026-03-18 10:02,Long Exit,668.16,149,99694.41,-138.57,-0.14,0,46.19,0.05,-138.57,-0.14,2154.16,0.22,7
108,多头进场,2026-03-18 09:48,LONG,669.09,149,99694.41,-138.57,-0.14,0,46.19,0.05,-138.57,-0.14,2154.16,0.22,7
109,多头出场,2026-03-24 12:00,Long Exit,654.89,152,99701.36,-158.08,-0.16,0,16.72,0.02,-158.08,-0.16,1996.08,0.20,3
109,多头进场,2026-03-24 11:54,LONG,655.93,152,99701.36,-158.08,-0.16,0,16.72,0.02,-158.08,-0.16,1996.08,0.20,3
110,多头出场,2026-03-25 11:42,Long Exit,656.16,152,99905.04,-168.72,-0.17,0,1.52,0.00,-168.72,-0.17,1827.36,0.18,3
110,多头进场,2026-03-25 11:36,LONG,657.27,152,99905.04,-168.72,-0.17,0,1.52,0.00,-168.72,-0.17,1827.36,0.18,3
111,多头出场,2026-03-25 13:42,Long Exit,659.31,152,99791.04,424.08,0.42,0,424.08,0.42,-77.52,-0.08,2251.44,0.23,55
111,多头进场,2026-03-25 11:52,LONG,656.52,152,99791.04,424.08,0.42,0,424.08,0.42,-77.52,-0.08,2251.44,0.23,55
112,多头出场,2026-03-26 11:30,Long Exit,651.08,153,99783.54,-168.3,-0.17,0,91.8,0.09,-168.3,-0.17,2083.14,0.21,12
112,多头进场,2026-03-26 11:06,LONG,652.18,153,99783.54,-168.3,-0.17,0,91.8,0.09,-168.3,-0.17,2083.14,0.21,12
113,空头出场,2026-03-30 10:56,Short Exit,637.22,157,99850.43,-193.11,-0.19,0,197.82,0.20,-193.11,-0.19,1890.03,0.19,27
113,空头进场,2026-03-30 10:02,SHORT,635.99,157,99850.43,-193.11,-0.19,0,197.82,0.20,-193.11,-0.19,1890.03,0.19,27
114,空头出场,2026-03-30 11:34,Short Exit,637.71,157,99963.47,-157,-0.16,0,102.05,0.10,-157,-0.16,1733.03,0.17,6
114,空头进场,2026-03-30 11:22,SHORT,636.71,157,99963.47,-157,-0.16,0,102.05,0.10,-157,-0.16,1733.03,0.17,6
115,空头出场,2026-03-31 10:54,Short Exit,638.28,156,100108.32,536.64,0.54,0,536.64,0.54,-148.2,-0.15,2269.67,0.23,22
115,空头进场,2026-03-31 10:10,SHORT,641.72,156,100108.32,536.64,0.54,0,536.64,0.54,-148.2,-0.15,2269.67,0.23,22
116,空头出场,2026-04-02 15:46,强制平仓,654.6,153,100084.95,-68.85,-0.07,0,301.41,0.30,-283.05,-0.28,2200.82,0.22,147
116,空头进场,2026-04-02 10:52,SHORT,654.15,153,100084.95,-68.85,-0.07,0,301.41,0.30,-283.05,-0.28,2200.82,0.22,147
117,多头出场,2026-04-06 12:54,Long Exit,656.97,152,99952.16,-92.72,-0.09,0,144.4,0.14,-92.72,-0.09,2108.1,0.21,24
117,多头进场,2026-04-06 12:06,LONG,657.58,152,99952.16,-92.72,-0.09,0,144.4,0.14,-92.72,-0.09,2108.1,0.21,24
118,多头出场,2026-04-07 10:00,Long Exit,653.58,153,100150.74,-153,-0.15,0,32.13,0.03,-153,-0.15,1955.1,0.20,2
118,多头进场,2026-04-07 09:56,LONG,654.58,153,100150.74,-153,-0.15,0,32.13,0.03,-153,-0.15,1955.1,0.20,2
119,空头出场,2026-04-09 11:14,Short Exit,675.95,148,99922.2,-118.4,-0.12,0,204.24,0.20,-118.4,-0.12,1836.7,0.18,48
119,空头进场,2026-04-09 09:38,SHORT,675.15,148,99922.2,-118.4,-0.12,0,204.24,0.20,-118.4,-0.12,1836.7,0.18,48
120,空头出场,2026-04-10 11:24,Short Exit,681.95,147,100154.04,-92.61,-0.09,0,97.02,0.10,-92.61,-0.09,1744.09,0.17,19
120,空头进场,2026-04-10 10:46,SHORT,681.32,147,100154.04,-92.61,-0.09,0,97.02,0.10,-92.61,-0.09,1744.09,0.17,19
121,多头出场,2026-04-10 12:38,Long Exit,679,147,99886.5,-73.5,-0.07,0,57.33,0.06,-73.5,-0.07,1670.59,0.17,9
121,多头进场,2026-04-10 12:20,LONG,679.5,147,99886.5,-73.5,-0.07,0,57.33,0.06,-73.5,-0.07,1670.59,0.17,9
122,空头出场,2026-04-13 10:30,Short Exit,679.76,147,99814.47,-110.25,-0.11,0,89.67,0.09,-110.25,-0.11,1560.34,0.16,6
122,空头进场,2026-04-13 10:18,SHORT,679.01,147,99814.47,-110.25,-0.11,0,89.67,0.09,-110.25,-0.11,1560.34,0.16,6
123,空头出场,2026-04-16 11:36,Short Exit,701.98,142,99568.98,-112.18,-0.11,0,9.94,0.01,-166.14,-0.17,1448.16,0.14,1
123,空头进场,2026-04-16 11:34,SHORT,701.19,142,99568.98,-112.18,-0.11,0,9.94,0.01,-166.14,-0.17,1448.16,0.14,1
124,多头出场,2026-04-21 11:26,Long Exit,706.71,141,99767.37,-121.26,-0.12,0,56.4,0.06,-121.26,-0.12,1326.9,0.13,5
124,多头进场,2026-04-21 11:16,LONG,707.57,141,99767.37,-121.26,-0.12,0,56.4,0.06,-121.26,-0.12,1326.9,0.13,5
125,多头出场,2026-04-23 11:16,Long Exit,712.1,140,99423.8,270.2,0.27,0,270.2,0.27,-7,-0.01,1597.1,0.16,29
125,多头进场,2026-04-23 10:18,LONG,710.17,140,99423.8,270.2,0.27,0,270.2,0.27,-7,-0.01,1597.1,0.16,29
126,多头出场,2026-04-27 10:30,Long Exit,713.1,140,99927.8,-93.8,-0.09,0,42,0.04,-93.8,-0.09,1503.3,0.15,11
126,多头进场,2026-04-27 10:08,LONG,713.77,140,99927.8,-93.8,-0.09,0,42,0.04,-93.8,-0.09,1503.3,0.15,11
127,多头出场,2026-04-27 12:34,Long Exit,714.21,140,99801.8,187.6,0.19,0,187.6,0.19,-4.2,0.00,1690.9,0.17,31
127,多头进场,2026-04-27 11:32,LONG,712.87,140,99801.8,187.6,0.19,0,187.6,0.19,-4.2,0.00,1690.9,0.17,31
128,空头出场,2026-04-28 10:38,Short Exit,710.03,140,99698.2,294,0.29,0,294,0.29,-15.4,-0.02,1984.9,0.20,16
128,空头进场,2026-04-28 10:06,SHORT,712.13,140,99698.2,294,0.29,0,294,0.29,-15.4,-0.02,1984.9,0.20,16
129,多头出场,2026-04-29 10:34,Long Exit,711.92,141,100152.3,228.42,0.23,0,228.42,0.23,-2.82,0.00,2213.32,0.22,17
129,多头进场,2026-04-29 10:00,LONG,710.3,141,100152.3,228.42,0.23,0,228.42,0.23,-2.82,0.00,2213.32,0.22,17
130,空头出场,2026-04-29 11:10,Short Exit,710.44,140,99621.2,159.6,0.16,0,159.6,0.16,-15.4,-0.02,2372.92,0.24,9
130,空头进场,2026-04-29 10:52,SHORT,711.58,140,99621.2,159.6,0.16,0,159.6,0.16,-15.4,-0.02,2372.92,0.24,9
131,多头出场,2026-04-30 11:00,Long Exit,714.26,140,99605.8,390.6,0.39,0,390.6,0.39,-39.2,-0.04,2763.52,0.28,17
131,多头进场,2026-04-30 10:26,LONG,711.47,140,99605.8,390.6,0.39,0,390.6,0.39,-39.2,-0.04,2763.52,0.28,17
132,空头出场,2026-04-30 11:30,Short Exit,714.77,140,99969.8,-98,-0.10,0,2.8,0.00,-98,-0.10,2665.52,0.27,4
132,空头进场,2026-04-30 11:22,SHORT,714.07,140,99969.8,-98,-0.10,0,2.8,0.00,-98,-0.10,2665.52,0.27,4
133,多头出场,2026-05-13 11:36,Long Exit,739.79,135,99625.95,245.7,0.25,0,245.7,0.25,-27,-0.03,2911.22,0.29,29
133,多头进场,2026-05-13 10:38,LONG,737.97,135,99625.95,245.7,0.25,0,245.7,0.25,-27,-0.03,2911.22,0.29,29
134,多头出场,2026-05-15 15:46,强制平仓,740.3,135,99885.15,55.35,0.06,0,480.6,0.48,-124.2,-0.12,2966.57,0.30,175
134,多头进场,2026-05-15 09:56,LONG,739.89,135,99885.15,55.35,0.06,0,480.6,0.48,-124.2,-0.12,2966.57,0.30,175
135,空头出场,2026-05-18 12:28,Short Exit,734.88,135,99708.3,499.5,0.50,0,499.5,0.50,-59.4,-0.06,3466.07,0.35,53
135,空头进场,2026-05-18 10:42,SHORT,738.58,135,99708.3,499.5,0.50,0,499.5,0.50,-59.4,-0.06,3466.07,0.35,53
136,多头出场,2026-05-19 10:06,Long Exit,733.85,136,99992.64,-189.04,-0.19,0,12.24,0.01,-189.04,-0.19,3277.03,0.33,4
136,多头进场,2026-05-19 09:58,LONG,735.24,136,99992.64,-189.04,-0.19,0,12.24,0.01,-189.04,-0.19,3277.03,0.33,4
137,空头出场,2026-05-20 10:18,Short Exit,737.56,136,100120.48,-187.68,-0.19,0,20.4,0.02,-322.32,-0.32,3089.35,0.31,2
137,空头进场,2026-05-20 10:14,SHORT,736.18,136,100120.48,-187.68,-0.19,0,20.4,0.02,-322.32,-0.32,3089.35,0.31,2
138,多头出场,2026-05-27 11:44,Long Exit,748.78,133,99671.53,-83.79,-0.08,0,10.64,0.01,-83.79,-0.08,3005.56,0.30,5
138,多头进场,2026-05-27 11:34,LONG,749.41,133,99671.53,-83.79,-0.08,0,10.64,0.01,-83.79,-0.08,3005.56,0.30,5
139,空头出场,2026-05-29 12:36,Short Exit,757.48,132,99897.6,-89.76,-0.09,0,67.32,0.07,-89.76,-0.09,2915.8,0.29,35
139,空头进场,2026-05-29 11:26,SHORT,756.8,132,99897.6,-89.76,-0.09,0,67.32,0.07,-89.76,-0.09,2915.8,0.29,35
140,多头出场,2026-06-01 09:58,Long Exit,755.62,132,99840.84,-99,-0.10,0,52.8,0.05,-99,-0.10,2816.8,0.28,5
140,多头进场,2026-06-01 09:48,LONG,756.37,132,99840.84,-99,-0.10,0,52.8,0.05,-99,-0.10,2816.8,0.28,5
141,多头出场,2026-06-01 12:54,Long Exit,758,132,99751.08,304.92,0.31,0,304.92,0.31,-54.12,-0.05,3121.72,0.31,82
141,多头进场,2026-06-01 10:10,LONG,755.69,132,99751.08,304.92,0.31,0,304.92,0.31,-54.12,-0.05,3121.72,0.31,82
142,多头出场,2026-06-02 10:44,Long Exit,758.92,132,100001.88,175.56,0.18,0,175.56,0.18,-47.52,-0.05,3297.28,0.33,27
142,多头进场,2026-06-02 09:50,LONG,757.59,132,100001.88,175.56,0.18,0,175.56,0.18,-47.52,-0.05,3297.28,0.33,27
143,多头出场,2026-06-02 12:00,Long Exit,759.58,132,100313.4,-48.84,-0.05,0,10.56,0.01,-48.84,-0.05,3248.44,0.32,17
143,多头进场,2026-06-02 11:26,LONG,759.95,132,100313.4,-48.84,-0.05,0,10.56,0.01,-48.84,-0.05,3248.44,0.32,17
144,多头出场,2026-06-03 11:22,Long Exit,755.64,132,99840.84,-96.36,-0.10,0,83.16,0.08,-96.36,-0.10,3152.08,0.32,39
144,多头进场,2026-06-03 10:04,LONG,756.37,132,99840.84,-96.36,-0.10,0,83.16,0.08,-96.36,-0.10,3152.08,0.32,39
145,空头出场,2026-06-03 12:24,Short Exit,754.34,132,99786.72,213.84,0.21,0,213.84,0.21,-42.24,-0.04,3365.92,0.34,29
145,空头进场,2026-06-03 11:26,SHORT,755.96,132,99786.72,213.84,0.21,0,213.84,0.21,-42.24,-0.04,3365.92,0.34,29
146,多头出场,2026-06-04 11:08,Long Exit,755.43,133,100127.72,344.47,0.34,0,344.47,0.34,-81.13,-0.08,3710.39,0.37,38
146,多头进场,2026-06-04 09:52,LONG,752.84,133,100127.72,344.47,0.34,0,344.47,0.34,-81.13,-0.08,3710.39,0.37,38
147,空头出场,2026-06-08 10:46,Short Exit,743.72,135,100171.35,-230.85,-0.23,0,156.6,0.16,-230.85,-0.23,3479.54,0.35,23
147,空头进场,2026-06-08 10:00,SHORT,742.01,135,100171.35,-230.85,-0.23,0,156.6,0.16,-230.85,-0.23,3479.54,0.35,23
148,空头出场,2026-06-09 10:14,Short Exit,741.37,134,99799.18,455.6,0.46,0,455.6,0.46,-36.18,-0.04,3935.14,0.39,7
148,空头进场,2026-06-09 10:00,SHORT,744.77,134,99799.18,455.6,0.46,0,455.6,0.46,-36.18,-0.04,3935.14,0.39,7
149,多头出场,2026-06-09 10:42,Long Exit,739.5,135,100021.5,-189,-0.19,0,45.9,0.05,-189,-0.19,3746.14,0.37,2
149,多头进场,2026-06-09 10:38,LONG,740.9,135,100021.5,-189,-0.19,0,45.9,0.05,-189,-0.19,3746.14,0.37,2
150,多头出场,2026-06-10 11:48,Long Exit,729.79,137,100205.91,-224.68,-0.22,0,183.58,0.18,-224.68,-0.22,3521.46,0.35,10
150,多头进场,2026-06-10 11:28,LONG,731.43,137,100205.91,-224.68,-0.22,0,183.58,0.18,-224.68,-0.22,3521.46,0.35,10
151,空头出场,2026-06-11 11:00,Short Exit,724.48,137,99951.09,697.33,0.70,0,697.33,0.70,-68.5,-0.07,4218.79,0.42,19
151,空头进场,2026-06-11 10:22,SHORT,729.57,137,99951.09,697.33,0.70,0,697.33,0.70,-68.5,-0.07,4218.79,0.42,19
152,多头出场,2026-06-11 13:28,Long Exit,731.38,138,100274.94,655.5,0.65,0,655.5,0.65,-187.68,-0.19,4874.29,0.49,70
152,多头进场,2026-06-11 11:08,LONG,726.63,138,100274.94,655.5,0.65,0,655.5,0.65,-187.68,-0.19,4874.29,0.49,70
153,多头出场,2026-06-12 15:46,强制平仓,740.64,135,99956.7,29.7,0.03,0,348.3,0.35,-47.25,-0.05,4903.99,0.49,100
153,多头进场,2026-06-12 12:26,LONG,740.42,135,99956.7,29.7,0.03,0,348.3,0.35,-47.25,-0.05,4903.99,0.49,100
154,空头出场,2026-06-16 15:02,Short Exit,751.35,133,100230.13,300.58,0.30,0,300.58,0.30,-46.55,-0.05,5204.57,0.52,132
154,空头进场,2026-06-16 10:38,SHORT,753.61,133,100230.13,300.58,0.30,0,300.58,0.30,-46.55,-0.05,5204.57,0.52,132
155,空头出场,2026-06-17 13:04,Short Exit,749.34,133,99843.1,180.88,0.18,0,180.88,0.18,-43.89,-0.04,5385.45,0.54,25
155,空头进场,2026-06-17 12:14,SHORT,750.7,133,99843.1,180.88,0.18,0,180.88,0.18,-43.89,-0.04,5385.45,0.54,25
156,空头出场,2026-06-18 13:04,Short Exit,747.36,134,99949.26,-196.98,-0.20,0,207.7,0.21,-196.98,-0.20,5188.47,0.52,84
156,空头进场,2026-06-18 10:16,SHORT,745.89,134,99949.26,-196.98,-0.20,0,207.7,0.21,-196.98,-0.20,5188.47,0.52,84
157,多头出场,2026-06-22 12:02,Long Exit,743.62,134,99783.1,-138.02,-0.14,0,217.08,0.22,-138.02,-0.14,5050.45,0.51,29
157,多头进场,2026-06-22 11:04,LONG,744.65,134,99783.1,-138.02,-0.14,0,217.08,0.22,-138.02,-0.14,5050.45,0.51,29
158,空头出场,2026-06-23 11:40,Short Exit,734.25,136,100331.28,473.28,0.47,0,473.28,0.47,-1.36,0.00,5523.73,0.55,25
158,空头进场,2026-06-23 10:50,SHORT,737.73,136,100331.28,473.28,0.47,0,473.28,0.47,-1.36,0.00,5523.73,0.55,25
159,空头出场,2026-06-24 10:44,Short Exit,737.38,136,100096,-187.68,-0.19,0,257.04,0.26,-187.68,-0.19,5336.05,0.53,20
159,空头进场,2026-06-24 10:04,SHORT,736,136,100096,-187.68,-0.19,0,257.04,0.26,-187.68,-0.19,5336.05,0.53,20
160,空头出场,2026-06-25 10:10,Short Exit,735.29,137,100437.44,-297.29,-0.30,0,39.73,0.04,-297.29,-0.30,5038.76,0.50,4
160,空头进场,2026-06-25 10:02,SHORT,733.12,137,100437.44,-297.29,-0.30,0,39.73,0.04,-297.29,-0.30,5038.76,0.50,4
161,空头出场,2026-06-25 12:44,Short Exit,731.56,136,100144.96,652.8,0.65,0,652.8,0.65,-197.2,-0.20,5691.56,0.57,58
161,空头进场,2026-06-25 10:48,SHORT,736.36,136,100144.96,652.8,0.65,0,652.8,0.65,-197.2,-0.20,5691.56,0.57,58
162,空头出场,2026-06-26 11:24,Short Exit,734,137,100392.23,-165.77,-0.17,0,160.29,0.16,-165.77,-0.17,5525.79,0.55,19
162,空头进场,2026-06-26 10:46,SHORT,732.79,137,100392.23,-165.77,-0.17,0,160.29,0.16,-165.77,-0.17,5525.79,0.55,19
163,空头出场,2026-07-01 11:02,Short Exit,747.47,134,100063.16,-97.82,-0.10,0,139.36,0.14,-97.82,-0.10,5427.97,0.54,13
163,空头进场,2026-07-01 10:36,SHORT,746.74,134,100063.16,-97.82,-0.10,0,139.36,0.14,-97.82,-0.10,5427.97,0.54,13
164,空头出场,2026-07-02 10:26,Short Exit,748.05,133,99827.14,336.49,0.34,0,336.49,0.34,-87.78,-0.09,5764.46,0.58,8
164,空头进场,2026-07-02 10:10,SHORT,750.58,133,99827.14,336.49,0.34,0,336.49,0.34,-87.78,-0.09,5764.46,0.58,8
165,多头出场,2026-07-02 11:06,Long Exit,745.36,134,100064.5,-186.26,-0.19,0,13.4,0.01,-186.26,-0.19,5578.2,0.56,2
165,多头进场,2026-07-02 11:02,LONG,746.75,134,100064.5,-186.26,-0.19,0,13.4,0.01,-186.26,-0.19,5578.2,0.56,2
166,空头出场,2026-07-10 09:48,Short Exit,752.88,133,100057.23,-75.81,-0.08,0,29.26,0.03,-75.81,-0.08,5502.39,0.55,3
166,空头进场,2026-07-10 09:42,SHORT,752.31,133,100057.23,-75.81,-0.08,0,29.26,0.03,-75.81,-0.08,5502.39,0.55,3
167,多头出场,2026-07-10 14:24,Long Exit,754.69,133,99945.51,428.26,0.43,0,428.26,0.43,-107.73,-0.11,5930.65,0.59,105
167,多头进场,2026-07-10 10:54,LONG,751.47,133,99945.51,428.26,0.43,0,428.26,0.43,-107.73,-0.11,5930.65,0.59,105
168,多头出场,2026-07-13 10:16,Long Exit,751.8,133,100101.12,-111.72,-0.11,0,95.76,0.10,-111.72,-0.11,5818.93,0.58,6
168,多头进场,2026-07-13 10:04,LONG,752.64,133,100101.12,-111.72,-0.11,0,95.76,0.10,-111.72,-0.11,5818.93,0.58,6
169,空头出场,2026-07-13 12:24,Short Exit,750.53,133,100045.26,224.77,0.22,0,224.77,0.22,0,0.00,6043.7,0.60,24
169,空头进场,2026-07-13 11:36,SHORT,752.22,133,100045.26,224.77,0.22,0,224.77,0.22,0,0.00,6043.7,0.60,24
170,多头出场,2026-07-14 15:46,强制平仓,752.29,133,99883,171.57,0.17,0,271.32,0.27,-131.67,-0.13,6215.27,0.62,150
170,多头进场,2026-07-14 10:46,LONG,751,133,99883,171.57,0.17,0,271.32,0.27,-131.67,-0.13,6215.27,0.62,150
171,多头出场,2026-07-15 11:50,Long Exit,752.49,133,100187.57,-106.4,-0.11,0,62.51,0.06,-106.4,-0.11,6108.87,0.61,8
171,多头进场,2026-07-15 11:34,LONG,753.29,133,100187.57,-106.4,-0.11,0,62.51,0.06,-106.4,-0.11,6108.87,0.61,8
172,空头出场,2026-07-16 12:12,Short Exit,752.29,133,100307.27,252.7,0.25,0,252.7,0.25,-33.25,-0.03,6361.57,0.64,37
172,空头进场,2026-07-16 10:58,SHORT,754.19,133,100307.27,252.7,0.25,0,252.7,0.25,-33.25,-0.03,6361.57,0.64,37
173,空头出场,2026-07-17 14:26,Short Exit,743.49,134,100013.58,385.92,0.39,0,385.92,0.39,-119.26,-0.12,6747.49,0.67,110
173,空头进场,2026-07-17 10:46,SHORT,746.37,134,100013.58,385.92,0.39,0,385.92,0.39,-119.26,-0.12,6747.49,0.67,110
174,空头出场,2026-07-20 11:54,Short Exit,746.16,135,100612.8,-118.8,-0.12,0,214.65,0.21,-118.8,-0.12,6628.69,0.66,35
174,空头进场,2026-07-20 10:44,SHORT,745.28,135,100612.8,-118.8,-0.12,0,214.65,0.21,-118.8,-0.12,6628.69,0.66,35
175,多头出场,2026-07-20 12:34,Long Exit,745.82,134,100013.58,-73.7,-0.07,0,53.6,0.05,-73.7,-0.07,6554.99,0.66,5
175,多头进场,2026-07-20 12:24,LONG,746.37,134,100013.58,-73.7,-0.07,0,53.6,0.05,-73.7,-0.07,6554.99,0.66,5
176,多头出场,2026-07-21 11:20,Long Exit,747.63,135,100575,355.05,0.35,0,355.05,0.35,-27,-0.03,6910.04,0.69,33
176,多头进场,2026-07-21 10:14,LONG,745,135,100575,355.05,0.35,0,355.05,0.35,-27,-0.03,6910.04,0.69,33
177,多头出场,2026-07-22 10:04,Long Exit,749.25,134,100191.8,207.7,0.21,0,207.7,0.21,-38.86,-0.04,7117.74,0.71,9
177,多头进场,2026-07-22 09:46,LONG,747.7,134,100191.8,207.7,0.21,0,207.7,0.21,-38.86,-0.04,7117.74,0.71,9
178,多头出场,2026-07-22 11:10,Long Exit,748.99,134,100139.54,225.12,0.22,0,225.12,0.22,-20.1,-0.02,7342.86,0.73,9
178,多头进场,2026-07-22 10:52,LONG,747.31,134,100139.54,225.12,0.22,0,225.12,0.22,-20.1,-0.02,7342.86,0.73,9
179,空头出场,2026-07-24 10:08,Short Exit,739.43,136,100425.12,-137.36,-0.14,0,115.6,0.12,-137.36,-0.14,7205.5,0.72,3
179,空头进场,2026-07-24 10:02,SHORT,738.42,136,100425.12,-137.36,-0.14,0,115.6,0.12,-137.36,-0.14,7205.5,0.72,3
180,多头出场,2026-07-28 11:18,Long Exit,740.23,136,100242.88,428.4,0.43,0,428.4,0.43,-110.16,-0.11,7633.9,0.76,35
180,多头进场,2026-07-28 10:08,LONG,737.08,136,100242.88,428.4,0.43,0,428.4,0.43,-110.16,-0.11,7633.9,0.76,35
181,空头出场,2026-07-30 13:00,Short Exit,739.34,136,100378.88,-171.36,-0.17,0,473.28,0.47,-171.36,-0.17,7462.54,0.75,83
181,空头进场,2026-07-30 10:14,SHORT,738.08,136,100378.88,-171.36,-0.17,0,473.28,0.47,-171.36,-0.17,7462.54,0.75,83
182,多头出场,2026-07-31 12:12,Long Exit,743.62,136,100593.76,538.56,0.54,0,538.56,0.54,-51.68,-0.05,8001.1,0.80,54
182,多头进场,2026-07-31 10:24,LONG,739.66,136,100593.76,538.56,0.54,0,538.56,0.54,-51.68,-0.05,8001.1,0.80,54
183,多头出场,2026-08-06 10:38,Long Exit,770.05,130,100214.4,-107.9,-0.11,0,120.9,0.12,-107.9,-0.11,7893.2,0.79,21
183,多头进场,2026-08-06 09:56,LONG,770.88,130,100214.4,-107.9,-0.11,0,120.9,0.12,-107.9,-0.11,7893.2,0.79,21
184,多头出场,2026-08-06 11:18,Long Exit,769.45,130,100131.2,-102.7,-0.10,0,74.1,0.07,-102.7,-0.10,7790.5,0.78,8
184,多头进场,2026-08-06 11:02,LONG,770.24,130,100131.2,-102.7,-0.10,0,74.1,0.07,-102.7,-0.10,7790.5,0.78,8
185,多头出场,2026-08-10 12:14,Long Exit,773.61,130,100618.7,-49.4,-0.05,0,19.5,0.02,-49.4,-0.05,7741.1,0.77,3
185,多头进场,2026-08-10 12:08,LONG,773.99,130,100618.7,-49.4,-0.05,0,19.5,0.02,-49.4,-0.05,7741.1,0.77,3
186,空头出场,2026-08-10 12:30,Short Exit,772.68,130,100594,145.6,0.14,0,145.6,0.14,-2.6,0.00,7886.7,0.79,3
186,空头进场,2026-08-10 12:24,SHORT,773.8,130,100594,145.6,0.14,0,145.6,0.14,-2.6,0.00,7886.7,0.79,3
187,多头出场,2026-08-11 11:18,Long Exit,772.35,130,100490,-84.5,-0.08,0,141.7,0.14,-84.5,-0.08,7802.2,0.78,47
187,多头进场,2026-08-11 09:44,LONG,773,130,100490,-84.5,-0.08,0,141.7,0.14,-84.5,-0.08,7802.2,0.78,47
188,多头出场,2026-08-12 10:54,Long Exit,771.83,130,100431.5,-93.6,-0.09,0,19.5,0.02,-93.6,-0.09,7708.6,0.77,4
188,多头进场,2026-08-12 10:46,LONG,772.55,130,100431.5,-93.6,-0.09,0,19.5,0.02,-93.6,-0.09,7708.6,0.77,4
189,多头出场,2026-08-12 13:06,Long Exit,773.27,130,100347,178.1,0.18,0,178.1,0.18,-3.9,0.00,7886.7,0.79,38
189,多头进场,2026-08-12 11:50,LONG,771.9,130,100347,178.1,0.18,0,178.1,0.18,-3.9,0.00,7886.7,0.79,38
190,多头出场,2026-08-13 13:00,Long Exit,776.98,129,100074.33,156.09,0.16,0,156.09,0.16,-21.93,-0.02,8042.79,0.80,24
190,多头进场,2026-08-13 12:12,LONG,775.77,129,100074.33,156.09,0.16,0,156.09,0.16,-21.93,-0.02,8042.79,0.80,24
191,空头出场,2026-08-17 12:58,Short Exit,774.63,129,100100.13,172.86,0.17,0,172.86,0.17,-3.87,0.00,8215.65,0.82,95
191,空头进场,2026-08-17 09:48,SHORT,775.97,129,100100.13,172.86,0.17,0,172.86,0.17,-3.87,0.00,8215.65,0.82,95
192,空头出场,2026-08-19 09:58,Short Exit,770.36,131,100780.92,-136.24,-0.14,0,13.1,0.01,-136.24,-0.14,8079.41,0.81,3
192,空头进场,2026-08-19 09:52,SHORT,769.32,131,100780.92,-136.24,-0.14,0,13.1,0.01,-136.24,-0.14,8079.41,0.81,3
193,多头出场,2026-08-19 12:28,Long Exit,770.74,130,100253.4,-57.2,-0.06,0,13,0.01,-57.2,-0.06,8022.21,0.80,2
193,多头进场,2026-08-19 12:24,LONG,771.18,130,100253.4,-57.2,-0.06,0,13,0.01,-57.2,-0.06,8022.21,0.80,2
194,空头出场,2026-08-20 13:36,Short Exit,764.52,131,100441.63,289.51,0.29,0,289.51,0.29,-18.34,-0.02,8311.72,0.83,64
194,空头进场,2026-08-20 11:28,SHORT,766.73,131,100441.63,289.51,0.29,0,289.51,0.29,-18.34,-0.02,8311.72,0.83,64
195,空头出场,2026-08-21 10:06,Short Exit,765.54,131,100191.42,-94.32,-0.09,0,34.06,0.03,-94.32,-0.09,8217.4,0.82,3
195,空头进场,2026-08-21 10:00,SHORT,764.82,131,100191.42,-94.32,-0.09,0,34.06,0.03,-94.32,-0.09,8217.4,0.82,3
196,多头出场,2026-08-21 11:36,Long Exit,766.76,131,100195.35,250.21,0.25,0,250.21,0.25,-82.53,-0.08,8467.61,0.85,42
196,多头进场,2026-08-21 10:12,LONG,764.85,131,100195.35,250.21,0.25,0,250.21,0.25,-82.53,-0.08,8467.61,0.85,42
197,空头出场,2026-08-24 11:28,Short Exit,763.67,132,100742.4,-62.04,-0.06,0,19.8,0.02,-62.04,-0.06,8405.57,0.84,2
197,空头进场,2026-08-24 11:24,SHORT,763.2,132,100742.4,-62.04,-0.06,0,19.8,0.02,-62.04,-0.06,8405.57,0.84,2
198,空头出场,2026-08-24 12:16,Short Exit,764.99,131,100153.43,-60.26,-0.06,0,2.62,0.00,-60.26,-0.06,8345.31,0.83,2
198,空头进场,2026-08-24 12:12,SHORT,764.53,131,100153.43,-60.26,-0.06,0,2.62,0.00,-60.26,-0.06,8345.31,0.83,2
199,多头出场,2026-08-25 15:46,强制平仓,765.29,131,100156.05,96.94,0.10,0,183.4,0.18,-66.81,-0.07,8442.25,0.84,153
199,多头进场,2026-08-25 10:40,LONG,764.55,131,100156.05,96.94,0.10,0,183.4,0.18,-66.81,-0.07,8442.25,0.84,153
200,空头出场,2026-08-26 11:00,Short Exit,766.02,131,100284.43,-64.19,-0.06,0,0,0.00,-64.19,-0.06,8378.06,0.84,6
200,空头进场,2026-08-26 10:48,SHORT,765.53,131,100284.43,-64.19,-0.06,0,0,0.00,-64.19,-0.06,8378.06,0.84,6
201,空头出场,2026-08-26 12:16,Short Exit,764.83,131,100346,153.27,0.15,0,153.27,0.15,-39.3,-0.04,8531.33,0.85,28
201,空头进场,2026-08-26 11:20,SHORT,766,131,100346,153.27,0.15,0,153.27,0.15,-39.3,-0.04,8531.33,0.85,28
202,空头出场,2026-08-28 10:00,Short Exit,772.72,130,100370.4,-83.2,-0.08,0,102.7,0.10,-83.2,-0.08,8448.13,0.84,2
202,空头进场,2026-08-28 09:56,SHORT,772.08,130,100370.4,-83.2,-0.08,0,102.7,0.10,-83.2,-0.08,8448.13,0.84,2
203,空头出场,2026-09-01 11:30,Short Exit,763.75,132,100754.28,-60.72,-0.06,0,29.04,0.03,-60.72,-0.06,8387.41,0.84,6
203,空头进场,2026-09-01 11:18,SHORT,763.29,132,100754.28,-60.72,-0.06,0,29.04,0.03,-60.72,-0.06,8387.41,0.84,6
204,空头出场,2026-09-08 14:48,Short Exit,766.49,131,100590.97,180.78,0.18,0,180.78,0.18,-32.75,-0.03,8568.19,0.86,94
204,空头进场,2026-09-08 11:40,SHORT,767.87,131,100590.97,180.78,0.18,0,180.78,0.18,-32.75,-0.03,8568.19,0.86,94
205,空头出场,2026-09-16 10:58,Short Exit,760.23,132,100277.76,-72.6,-0.07,0,121.44,0.12,-72.6,-0.07,8495.59,0.85,22
205,空头进场,2026-09-16 10:14,SHORT,759.68,132,100277.76,-72.6,-0.07,0,121.44,0.12,-72.6,-0.07,8495.59,0.85,22
206,多头出场,2026-09-18 10:16,Long Exit,758.81,132,100251.36,-88.44,-0.09,0,1.32,0.00,-88.44,-0.09,8407.15,0.84,2
206,多头进场,2026-09-18 10:12,LONG,759.48,132,100251.36,-88.44,-0.09,0,1.32,0.00,-88.44,-0.09,8407.15,0.84,2